﻿<?xml version="1.0" encoding="UTF-8"?>
<addon
	id="plugin.video.palcotv" version="0.3.01" name="PalcoTV" provider-name="juarrox [juarrox@gmail.com]">
	<requires>
		<import addon="xbmc.python" version="2.1.0"/>
        <import addon="plugin.video.youtube" version="3.0.0"/>
	</requires>
	<extension point="xbmc.python.pluginsource" library="default.py">
		<provides>video</provides>
	</extension>
	<extension point="xbmc.addon.metadata">
                <platform>all</platform>
		<summary lang="es">palcoTV</summary>
		<description lang="es">Biblioteca multimedia y administrador de listas multimedia XML, M3U, P2P, JSN y PLX.</description>
		<description lang="es">[COLOR red][B]Colaboradores:[B][/COLOR] Darío, Reig, Teseo, Tambe, MadQuark, Serjah, Pirri Mori</description>
		<description lang="es">[B]Agradecimientos:[B] Jesús (pelisalacarta) y a todos los que mantienen listas online</description>
        <disclaimer lang="en">Some parts of this addon may not be legal in your country of residence - please check with your local laws before installing.</disclaimer>
		<disclaimer lang="es">Algunas partes de este addon podrían no ser legales en tu país de residencia - por favor comprueba las leyes de tu país antes de su instalación.</disclaimer>
		<website>[COLOR yellow][B]http://www.palcotv.net[/B][/COLOR]</website>
		<license>GPL 2.0</license>
		<platform>all</platform>        
		<language>en</language>
	</extension>
</addon>
